[
    {
      "model": "products.Product",
      "pk": 1,
      "fields": {
        "products_id":2,
        "name": "screwdriver",
        "description": "pencil screwdrivers",
        "stock": 3,
        "price": 100.00
        }
    },
    {
        "model": "products.Product",
        "pk": 2,
        "fields": {
          "products_id":1,
          "name": "soldering iron",
          "description": "Mysteries of the Universe",
          "stock": 4,
          "price": 7.00
          }
      },
      {
        "model": "products.Product",
        "pk": 3,
        "fields": {
          "products_id":3,
          "name": "screws",
          "description": "pc case screws",
          "stock": 100,
          "price": 2.00
          }
      },
      {
        "model": "products.Product",
        "pk": 4,
        "fields": {
          "products_id":4,
          "name": "Thermal paste",
          "description": "Cpu grade thermal paste 50ml",
          "stock": 50,
          "price": 1.00
          }
      },
      {
        "model": "products.Product",
        "pk": 5,
        "fields": {
          "products_id":5,
          "name": "electrical solder",
          "description": "prefluxed solder 50mg",
          "stock": 9,
          "price": 99.00
          }
      }
    ]
      
      