[
    {
        "model": "products.category",
        "pk": 1,
        "fields": {
            "name": "Electrical"
        }
    },
    {
        "model": "products.category",
        "pk": 2,
        "fields": {
            "name": "hand-tools"
        }
    },
    {
        "model": "products.category",
        "pk": 3,
        "fields": {
            "name": "fixtures"
        }
    },
    {
        "model": "products.category",
        "pk": 4,
        "fields": {
            "name": "cpu and motherboard care"
        }
    },
    {
        "model": "products.category",
        "pk": 5,
        "fields": {
            "name": "misc"
        }
    }
    
]